Doctor_ID,Doctor_Name,Specialization
D001,Dr_1,General Physician
D002,Dr_2,Cardiologist
D003,Dr_3,Orthopedic
D004,Dr_4,Dermatologist
D005,Dr_5,Cardiologist
D006,Dr_6,Orthopedic
D007,Dr_7,General Physician
D008,Dr_8,Dermatologist
D009,Dr_9,General Physician
D010,Dr_10,Orthopedic
D011,Dr_11,Cardiologist
D012,Dr_12,Neurologist
D013,Dr_13,Dermatologist
D014,Dr_14,General Physician
D015,Dr_15,Cardiologist
D016,Dr_16,Cardiologist
D017,Dr_17,Neurologist
D018,Dr_18,Orthopedic
D019,Dr_19,Neurologist
D020,Dr_20,Neurologist
D021,Dr_21,Orthopedic
D022,Dr_22,Orthopedic
D023,Dr_23,Orthopedic
D024,Dr_24,Cardiologist
D025,Dr_25,Cardiologist
D026,Dr_26,Dermatologist
D027,Dr_27,Dermatologist
D028,Dr_28,Neurologist
D029,Dr_29,Neurologist
D030,Dr_30,Dermatologist
D031,Dr_31,General Physician
D032,Dr_32,Neurologist
D033,Dr_33,General Physician
D034,Dr_34,General Physician
D035,Dr_35,Orthopedic
D036,Dr_36,Cardiologist
D037,Dr_37,Dermatologist
D038,Dr_38,Cardiologist
D039,Dr_39,Dermatologist
D040,Dr_40,Cardiologist
D041,Dr_41,Dermatologist
D042,Dr_42,Cardiologist
D043,Dr_43,Orthopedic
D044,Dr_44,General Physician
D045,Dr_45,Dermatologist
D046,Dr_46,General Physician
D047,Dr_47,Dermatologist
D048,Dr_48,Dermatologist
D049,Dr_49,Orthopedic
D050,Dr_50,Cardiologist
D051,Dr_51,Dermatologist
D052,Dr_52,Cardiologist
D053,Dr_53,Orthopedic
D054,Dr_54,Neurologist
D055,Dr_55,General Physician
D056,Dr_56,Dermatologist
D057,Dr_57,Orthopedic
D058,Dr_58,Cardiologist
D059,Dr_59,Dermatologist
D060,Dr_60,Cardiologist
D061,Dr_61,Neurologist
D062,Dr_62,Dermatologist
D063,Dr_63,General Physician
D064,Dr_64,Dermatologist
D065,Dr_65,General Physician
D066,Dr_66,Cardiologist
D067,Dr_67,Dermatologist
D068,Dr_68,Orthopedic
D069,Dr_69,Orthopedic
D070,Dr_70,Neurologist
D071,Dr_71,Orthopedic
D072,Dr_72,Neurologist
D073,Dr_73,Cardiologist
D074,Dr_74,General Physician
D075,Dr_75,Cardiologist
D076,Dr_76,General Physician
D077,Dr_77,General Physician
D078,Dr_78,Neurologist
D079,Dr_79,Orthopedic
D080,Dr_80,Orthopedic
D081,Dr_81,Neurologist
D082,Dr_82,Neurologist
D083,Dr_83,Cardiologist
D084,Dr_84,Neurologist
D085,Dr_85,Orthopedic
D086,Dr_86,Neurologist
D087,Dr_87,Neurologist
D088,Dr_88,General Physician
D089,Dr_89,Neurologist
D090,Dr_90,Cardiologist
D091,Dr_91,Neurologist
D092,Dr_92,Dermatologist
D093,Dr_93,Dermatologist
D094,Dr_94,General Physician
D095,Dr_95,General Physician
D096,Dr_96,Dermatologist
D097,Dr_97,General Physician
D098,Dr_98,General Physician
D099,Dr_99,Orthopedic
D100,Dr_100,Orthopedic
D101,Dr_101,Neurologist
D102,Dr_102,Dermatologist
D103,Dr_103,Cardiologist
D104,Dr_104,Dermatologist
D105,Dr_105,Dermatologist
D106,Dr_106,Orthopedic
D107,Dr_107,Orthopedic
D108,Dr_108,General Physician
D109,Dr_109,Cardiologist
D110,Dr_110,Orthopedic
D111,Dr_111,General Physician
D112,Dr_112,Cardiologist
D113,Dr_113,Orthopedic
D114,Dr_114,Dermatologist
D115,Dr_115,Dermatologist
D116,Dr_116,Cardiologist
D117,Dr_117,Cardiologist
D118,Dr_118,Orthopedic
D119,Dr_119,Orthopedic
D120,Dr_120,Cardiologist
D121,Dr_121,Cardiologist
D122,Dr_122,General Physician
D123,Dr_123,General Physician
D124,Dr_124,General Physician
D125,Dr_125,Dermatologist
D126,Dr_126,Dermatologist
D127,Dr_127,General Physician
D128,Dr_128,General Physician
D129,Dr_129,Cardiologist
D130,Dr_130,Dermatologist
D131,Dr_131,General Physician
D132,Dr_132,Neurologist
D133,Dr_133,Orthopedic
D134,Dr_134,General Physician
D135,Dr_135,Dermatologist
D136,Dr_136,General Physician
D137,Dr_137,Neurologist
D138,Dr_138,Cardiologist
D139,Dr_139,Dermatologist
D140,Dr_140,Cardiologist
D141,Dr_141,Orthopedic
D142,Dr_142,Cardiologist
D143,Dr_143,General Physician
D144,Dr_144,Neurologist
D145,Dr_145,Cardiologist
D146,Dr_146,Neurologist
D147,Dr_147,Dermatologist
D148,Dr_148,Dermatologist
D149,Dr_149,General Physician
D150,Dr_150,General Physician
D151,Dr_151,General Physician
D152,Dr_152,Neurologist
D153,Dr_153,Orthopedic
D154,Dr_154,Orthopedic
D155,Dr_155,Orthopedic
D156,Dr_156,Dermatologist
D157,Dr_157,Dermatologist
D158,Dr_158,Orthopedic
D159,Dr_159,General Physician
D160,Dr_160,Cardiologist
D161,Dr_161,Orthopedic
D162,Dr_162,Cardiologist
D163,Dr_163,Orthopedic
D164,Dr_164,Cardiologist
D165,Dr_165,General Physician
D166,Dr_166,Dermatologist
D167,Dr_167,Orthopedic
D168,Dr_168,Orthopedic
D169,Dr_169,General Physician
D170,Dr_170,Neurologist
D171,Dr_171,Orthopedic
D172,Dr_172,Cardiologist
D173,Dr_173,General Physician
D174,Dr_174,Neurologist
D175,Dr_175,Orthopedic
D176,Dr_176,Orthopedic
D177,Dr_177,Dermatologist
D178,Dr_178,Neurologist
D179,Dr_179,General Physician
D180,Dr_180,Cardiologist
D181,Dr_181,Orthopedic
D182,Dr_182,General Physician
D183,Dr_183,Dermatologist
D184,Dr_184,Orthopedic
D185,Dr_185,Neurologist
D186,Dr_186,General Physician
D187,Dr_187,Cardiologist
D188,Dr_188,Dermatologist
D189,Dr_189,General Physician
D190,Dr_190,Orthopedic
D191,Dr_191,Cardiologist
D192,Dr_192,Orthopedic
D193,Dr_193,Orthopedic
D194,Dr_194,Neurologist
D195,Dr_195,Neurologist
D196,Dr_196,Orthopedic
D197,Dr_197,Dermatologist
D198,Dr_198,Neurologist
D199,Dr_199,Neurologist
D200,Dr_200,Neurologist
D201,Dr_201,Neurologist
D202,Dr_202,Cardiologist
D203,Dr_203,Orthopedic
D204,Dr_204,Cardiologist
D205,Dr_205,General Physician
D206,Dr_206,General Physician
D207,Dr_207,General Physician
D208,Dr_208,Cardiologist
D209,Dr_209,Orthopedic
D210,Dr_210,General Physician
D211,Dr_211,Neurologist
D212,Dr_212,General Physician
D213,Dr_213,Dermatologist
D214,Dr_214,Neurologist
D215,Dr_215,Neurologist
D216,Dr_216,Neurologist
D217,Dr_217,General Physician
D218,Dr_218,Neurologist
D219,Dr_219,Dermatologist
D220,Dr_220,Cardiologist
D221,Dr_221,Dermatologist
D222,Dr_222,Orthopedic
D223,Dr_223,Neurologist
D224,Dr_224,Dermatologist
D225,Dr_225,General Physician
D226,Dr_226,Orthopedic
D227,Dr_227,Dermatologist
D228,Dr_228,Neurologist
D229,Dr_229,General Physician
D230,Dr_230,Neurologist
D231,Dr_231,Orthopedic
D232,Dr_232,Dermatologist
D233,Dr_233,Neurologist
D234,Dr_234,Orthopedic
D235,Dr_235,General Physician
D236,Dr_236,Dermatologist
D237,Dr_237,Dermatologist
D238,Dr_238,Orthopedic
D239,Dr_239,Dermatologist
D240,Dr_240,General Physician
D241,Dr_241,General Physician
D242,Dr_242,Dermatologist
D243,Dr_243,Neurologist
D244,Dr_244,Neurologist
D245,Dr_245,General Physician
D246,Dr_246,Neurologist
D247,Dr_247,Orthopedic
D248,Dr_248,Cardiologist
D249,Dr_249,Dermatologist
D250,Dr_250,Orthopedic
D251,Dr_251,General Physician
D252,Dr_252,Cardiologist
D253,Dr_253,General Physician
D254,Dr_254,Cardiologist
D255,Dr_255,Orthopedic
D256,Dr_256,Cardiologist
D257,Dr_257,Neurologist
D258,Dr_258,Orthopedic
D259,Dr_259,Dermatologist
D260,Dr_260,General Physician
D261,Dr_261,Neurologist
D262,Dr_262,Dermatologist
D263,Dr_263,Cardiologist
D264,Dr_264,Neurologist
D265,Dr_265,Dermatologist
D266,Dr_266,Orthopedic
D267,Dr_267,Cardiologist
D268,Dr_268,Dermatologist
D269,Dr_269,Cardiologist
D270,Dr_270,Dermatologist
D271,Dr_271,General Physician
D272,Dr_272,Orthopedic
D273,Dr_273,Neurologist
D274,Dr_274,Dermatologist
D275,Dr_275,Cardiologist
D276,Dr_276,Orthopedic
D277,Dr_277,Neurologist
D278,Dr_278,Cardiologist
D279,Dr_279,Orthopedic
D280,Dr_280,Cardiologist
D281,Dr_281,Orthopedic
D282,Dr_282,Neurologist
D283,Dr_283,Neurologist
D284,Dr_284,Cardiologist
D285,Dr_285,Orthopedic
D286,Dr_286,Dermatologist
D287,Dr_287,Neurologist
D288,Dr_288,Dermatologist
D289,Dr_289,Dermatologist
D290,Dr_290,General Physician
D291,Dr_291,Cardiologist
D292,Dr_292,Cardiologist
D293,Dr_293,Cardiologist
D294,Dr_294,Orthopedic
D295,Dr_295,Neurologist
D296,Dr_296,Neurologist
D297,Dr_297,General Physician
D298,Dr_298,General Physician
D299,Dr_299,General Physician
D300,Dr_300,Dermatologist
D301,Dr_301,Cardiologist
D302,Dr_302,Orthopedic
D303,Dr_303,Neurologist
D304,Dr_304,Orthopedic
D305,Dr_305,Cardiologist
D306,Dr_306,Cardiologist
D307,Dr_307,Neurologist
D308,Dr_308,Dermatologist
D309,Dr_309,General Physician
D310,Dr_310,Dermatologist
D311,Dr_311,Cardiologist
D312,Dr_312,Cardiologist
D313,Dr_313,Dermatologist
D314,Dr_314,General Physician
D315,Dr_315,General Physician
D316,Dr_316,Cardiologist
D317,Dr_317,General Physician
D318,Dr_318,General Physician
D319,Dr_319,Neurologist
D320,Dr_320,Neurologist
D321,Dr_321,Orthopedic
D322,Dr_322,Dermatologist
D323,Dr_323,Cardiologist
D324,Dr_324,General Physician
D325,Dr_325,Orthopedic
D326,Dr_326,Neurologist
D327,Dr_327,General Physician
D328,Dr_328,Dermatologist
D329,Dr_329,Neurologist
D330,Dr_330,Cardiologist
D331,Dr_331,General Physician
D332,Dr_332,Orthopedic
D333,Dr_333,Cardiologist
D334,Dr_334,General Physician
D335,Dr_335,General Physician
D336,Dr_336,General Physician
D337,Dr_337,General Physician
D338,Dr_338,General Physician
D339,Dr_339,Cardiologist
D340,Dr_340,Dermatologist
D341,Dr_341,Dermatologist
D342,Dr_342,Cardiologist
D343,Dr_343,Dermatologist
D344,Dr_344,Orthopedic
D345,Dr_345,Orthopedic
D346,Dr_346,Cardiologist
D347,Dr_347,Orthopedic
D348,Dr_348,Cardiologist
D349,Dr_349,Orthopedic
D350,Dr_350,Neurologist
D351,Dr_351,Cardiologist
D352,Dr_352,General Physician
D353,Dr_353,Orthopedic
D354,Dr_354,Neurologist
D355,Dr_355,Cardiologist
D356,Dr_356,Orthopedic
D357,Dr_357,General Physician
D358,Dr_358,Orthopedic
D359,Dr_359,Neurologist
D360,Dr_360,Dermatologist
D361,Dr_361,Dermatologist
D362,Dr_362,Neurologist
D363,Dr_363,Neurologist
D364,Dr_364,Cardiologist
D365,Dr_365,Dermatologist
D366,Dr_366,Cardiologist
D367,Dr_367,Orthopedic
D368,Dr_368,Neurologist
D369,Dr_369,Cardiologist
D370,Dr_370,Neurologist
D371,Dr_371,Cardiologist
D372,Dr_372,Orthopedic
D373,Dr_373,Orthopedic
D374,Dr_374,General Physician
D375,Dr_375,Dermatologist
D376,Dr_376,General Physician
D377,Dr_377,Dermatologist
D378,Dr_378,Orthopedic
D379,Dr_379,Cardiologist
D380,Dr_380,Neurologist
D381,Dr_381,Orthopedic
D382,Dr_382,Orthopedic
D383,Dr_383,Cardiologist
D384,Dr_384,Orthopedic
D385,Dr_385,Orthopedic
D386,Dr_386,Cardiologist
D387,Dr_387,Orthopedic
D388,Dr_388,Dermatologist
D389,Dr_389,Dermatologist
D390,Dr_390,Dermatologist
D391,Dr_391,Dermatologist
D392,Dr_392,Orthopedic
D393,Dr_393,Neurologist
D394,Dr_394,Dermatologist
D395,Dr_395,Dermatologist
D396,Dr_396,Orthopedic
D397,Dr_397,General Physician
D398,Dr_398,Orthopedic
D399,Dr_399,Cardiologist
D400,Dr_400,Dermatologist
D401,Dr_401,Cardiologist
D402,Dr_402,Dermatologist
D403,Dr_403,General Physician
D404,Dr_404,Neurologist
D405,Dr_405,General Physician
D406,Dr_406,Orthopedic
D407,Dr_407,Orthopedic
D408,Dr_408,Cardiologist
D409,Dr_409,Cardiologist
D410,Dr_410,Orthopedic
D411,Dr_411,Orthopedic
D412,Dr_412,Orthopedic
D413,Dr_413,Dermatologist
D414,Dr_414,General Physician
D415,Dr_415,Dermatologist
D416,Dr_416,Neurologist
D417,Dr_417,Dermatologist
D418,Dr_418,Orthopedic
D419,Dr_419,Dermatologist
D420,Dr_420,Cardiologist
D421,Dr_421,Orthopedic
D422,Dr_422,General Physician
D423,Dr_423,Dermatologist
D424,Dr_424,Orthopedic
D425,Dr_425,Cardiologist
D426,Dr_426,Cardiologist
D427,Dr_427,Dermatologist
D428,Dr_428,Orthopedic
D429,Dr_429,General Physician
D430,Dr_430,Neurologist
D431,Dr_431,Cardiologist
D432,Dr_432,Neurologist
D433,Dr_433,General Physician
D434,Dr_434,Dermatologist
D435,Dr_435,Cardiologist
D436,Dr_436,Neurologist
D437,Dr_437,Cardiologist
D438,Dr_438,Neurologist
D439,Dr_439,Orthopedic
D440,Dr_440,Orthopedic
D441,Dr_441,Dermatologist
D442,Dr_442,General Physician
D443,Dr_443,Cardiologist
D444,Dr_444,General Physician
D445,Dr_445,Neurologist
D446,Dr_446,Dermatologist
D447,Dr_447,Orthopedic
D448,Dr_448,Orthopedic
D449,Dr_449,Dermatologist
D450,Dr_450,Cardiologist
D451,Dr_451,General Physician
D452,Dr_452,Neurologist
D453,Dr_453,General Physician
D454,Dr_454,Orthopedic
D455,Dr_455,Dermatologist
D456,Dr_456,Orthopedic
D457,Dr_457,Orthopedic
D458,Dr_458,Neurologist
D459,Dr_459,Cardiologist
D460,Dr_460,Cardiologist
D461,Dr_461,Neurologist
D462,Dr_462,Dermatologist
D463,Dr_463,General Physician
D464,Dr_464,Dermatologist
D465,Dr_465,General Physician
D466,Dr_466,Cardiologist
D467,Dr_467,Orthopedic
D468,Dr_468,Orthopedic
D469,Dr_469,Dermatologist
D470,Dr_470,Neurologist
D471,Dr_471,General Physician
D472,Dr_472,Orthopedic
D473,Dr_473,Dermatologist
D474,Dr_474,Neurologist
D475,Dr_475,Cardiologist
D476,Dr_476,Neurologist
D477,Dr_477,Cardiologist
D478,Dr_478,Dermatologist
D479,Dr_479,Neurologist
D480,Dr_480,Dermatologist
D481,Dr_481,Cardiologist
D482,Dr_482,Orthopedic
D483,Dr_483,Orthopedic
D484,Dr_484,Cardiologist
D485,Dr_485,General Physician
D486,Dr_486,General Physician
D487,Dr_487,Orthopedic
D488,Dr_488,Orthopedic
D489,Dr_489,Neurologist
D490,Dr_490,Neurologist
D491,Dr_491,Orthopedic
D492,Dr_492,General Physician
D493,Dr_493,Neurologist
D494,Dr_494,Cardiologist
D495,Dr_495,Neurologist
D496,Dr_496,Neurologist
D497,Dr_497,Neurologist
D498,Dr_498,Dermatologist
D499,Dr_499,Cardiologist
D500,Dr_500,Orthopedic
